USE szkola;
SET FOREIGN_KEY_CHECKS = 0;

-- Dane dla tabeli Miasta
INSERT INTO `Miasta` (`IdM`, `NazwaM`) VALUES (1, 'Nysa');
INSERT INTO `Miasta` (`IdM`, `NazwaM`) VALUES (2, 'Kedzierzyn-Kozle');
INSERT INTO `Miasta` (`IdM`, `NazwaM`) VALUES (3, 'Brzeg');
INSERT INTO `Miasta` (`IdM`, `NazwaM`) VALUES (4, 'Chrzaszczyszewoszyce');
INSERT INTO `Miasta` (`IdM`, `NazwaM`) VALUES (5, 'Gliwice');
INSERT INTO `Miasta` (`IdM`, `NazwaM`) VALUES (6, 'Warszawa');
INSERT INTO `Miasta` (`IdM`, `NazwaM`) VALUES (7, 'Kraków');
INSERT INTO `Miasta` (`IdM`, `NazwaM`) VALUES (8, 'Lódz');
INSERT INTO `Miasta` (`IdM`, `NazwaM`) VALUES (9, 'Wroclaw');
INSERT INTO `Miasta` (`IdM`, `NazwaM`) VALUES (10, 'Poznan');
INSERT INTO `Miasta` (`IdM`, `NazwaM`) VALUES (11, 'Gdansk');
INSERT INTO `Miasta` (`IdM`, `NazwaM`) VALUES (12, 'Szczecin');
INSERT INTO `Miasta` (`IdM`, `NazwaM`) VALUES (13, 'Bydgoszcz');
INSERT INTO `Miasta` (`IdM`, `NazwaM`) VALUES (14, 'Lublin');
INSERT INTO `Miasta` (`IdM`, `NazwaM`) VALUES (15, 'Katowice');
INSERT INTO `Miasta` (`IdM`, `NazwaM`) VALUES (16, 'Bialystok');
INSERT INTO `Miasta` (`IdM`, `NazwaM`) VALUES (17, 'Gdynia');
INSERT INTO `Miasta` (`IdM`, `NazwaM`) VALUES (18, 'Czestochowa');
INSERT INTO `Miasta` (`IdM`, `NazwaM`) VALUES (19, 'Radom');
INSERT INTO `Miasta` (`IdM`, `NazwaM`) VALUES (20, 'Sosnowiec');
INSERT INTO `Miasta` (`IdM`, `NazwaM`) VALUES (21, 'Torun');
INSERT INTO `Miasta` (`IdM`, `NazwaM`) VALUES (22, 'Kielce');
INSERT INTO `Miasta` (`IdM`, `NazwaM`) VALUES (23, 'Rzeszów');
INSERT INTO `Miasta` (`IdM`, `NazwaM`) VALUES (24, 'Zabrze');
INSERT INTO `Miasta` (`IdM`, `NazwaM`) VALUES (25, 'Olsztyn');
INSERT INTO `Miasta` (`IdM`, `NazwaM`) VALUES (26, 'Bielsko-Biala');
INSERT INTO `Miasta` (`IdM`, `NazwaM`) VALUES (27, 'Bytom');
INSERT INTO `Miasta` (`IdM`, `NazwaM`) VALUES (28, 'Zielona Góra');
INSERT INTO `Miasta` (`IdM`, `NazwaM`) VALUES (29, 'Rybnik');
INSERT INTO `Miasta` (`IdM`, `NazwaM`) VALUES (30, 'Opole');
INSERT INTO `Miasta` (`IdM`, `NazwaM`) VALUES (31, 'Tychy');
INSERT INTO `Miasta` (`IdM`, `NazwaM`) VALUES (32, 'Elblag');
INSERT INTO `Miasta` (`IdM`, `NazwaM`) VALUES (33, 'Plock');
INSERT INTO `Miasta` (`IdM`, `NazwaM`) VALUES (34, 'Walbrzych');
INSERT INTO `Miasta` (`IdM`, `NazwaM`) VALUES (35, 'Wloclawek');
INSERT INTO `Miasta` (`IdM`, `NazwaM`) VALUES (36, 'Tarnów');
INSERT INTO `Miasta` (`IdM`, `NazwaM`) VALUES (37, 'Chorzów');
INSERT INTO `Miasta` (`IdM`, `NazwaM`) VALUES (38, 'Koszalin');
INSERT INTO `Miasta` (`IdM`, `NazwaM`) VALUES (39, 'Kalisz');
INSERT INTO `Miasta` (`IdM`, `NazwaM`) VALUES (40, 'Legnica');
INSERT INTO `Miasta` (`IdM`, `NazwaM`) VALUES (41, 'Grudziadz');
INSERT INTO `Miasta` (`IdM`, `NazwaM`) VALUES (42, 'Slupsk');
INSERT INTO `Miasta` (`IdM`, `NazwaM`) VALUES (43, 'Jaworzno');
INSERT INTO `Miasta` (`IdM`, `NazwaM`) VALUES (44, 'Przemysl');
INSERT INTO `Miasta` (`IdM`, `NazwaM`) VALUES (45, 'Suwalki');
INSERT INTO `Miasta` (`IdM`, `NazwaM`) VALUES (46, 'Pila');
INSERT INTO `Miasta` (`IdM`, `NazwaM`) VALUES (47, 'Ostroleka');
INSERT INTO `Miasta` (`IdM`, `NazwaM`) VALUES (48, 'Olawa');
INSERT INTO `Miasta` (`IdM`, `NazwaM`) VALUES (49, 'Swietochlowice');

-- Dane dla tabeli Przedmioty
INSERT INTO `Przedmioty` (`IdP`, `NazwaP`) VALUES (1, 'Matematyka');
INSERT INTO `Przedmioty` (`IdP`, `NazwaP`) VALUES (2, 'Fizyka');
INSERT INTO `Przedmioty` (`IdP`, `NazwaP`) VALUES (3, 'Geografia');
INSERT INTO `Przedmioty` (`IdP`, `NazwaP`) VALUES (4, 'Historia');
INSERT INTO `Przedmioty` (`IdP`, `NazwaP`) VALUES (5, 'Jezyk polski');
INSERT INTO `Przedmioty` (`IdP`, `NazwaP`) VALUES (6, 'Jezyk angielski');
INSERT INTO `Przedmioty` (`IdP`, `NazwaP`) VALUES (7, 'Informatyka');
INSERT INTO `Przedmioty` (`IdP`, `NazwaP`) VALUES (8, 'Jezyk niemiecki');
INSERT INTO `Przedmioty` (`IdP`, `NazwaP`) VALUES (9, 'Jezyk francuski');
INSERT INTO `Przedmioty` (`IdP`, `NazwaP`) VALUES (10, 'Chemia');
INSERT INTO `Przedmioty` (`IdP`, `NazwaP`) VALUES (11, 'Biologia');

-- Dane dla tabeli Nauczyciele
INSERT INTO `Nauczyciele` (`IdN`, `Nazwisko`, `Imie`, `DZatr`, `DUr`, `Plec`, `Pensja`, `Pensum`, `Premia`, `Telefon`) VALUES (1, 'Sikora', 'Jan', '2021-10-31 00:00:00', '1990-03-05 00:00:00', 'M', 772.95, 180.0, 10.0, '+48 555 123 456');
INSERT INTO `Nauczyciele` (`IdN`, `Nazwisko`, `Imie`, `DZatr`, `DUr`, `Plec`, `Pensja`, `Pensum`, `Premia`, `Telefon`) VALUES (3, 'Sikora', 'Alicja', '2019-09-03 00:00:00', '1992-06-02 00:00:00', 'K', 450.0, 300.0, 300.0, NULL);
INSERT INTO `Nauczyciele` (`IdN`, `Nazwisko`, `Imie`, `DZatr`, `DUr`, `Plec`, `Pensja`, `Pensum`, `Premia`, `Telefon`) VALUES (4, 'Sikora', 'Jan', '2013-03-13 00:00:00', '1989-07-03 00:00:00', 'M', 200.0, 150.0, 200.0, NULL);
INSERT INTO `Nauczyciele` (`IdN`, `Nazwisko`, `Imie`, `DZatr`, `DUr`, `Plec`, `Pensja`, `Pensum`, `Premia`, `Telefon`) VALUES (5, 'Zukowski', 'Pawel', '2018-05-01 00:00:00', '1999-09-04 00:00:00', 'M', 190.0, 270.0, 299.99, NULL);
INSERT INTO `Nauczyciele` (`IdN`, `Nazwisko`, `Imie`, `DZatr`, `DUr`, `Plec`, `Pensja`, `Pensum`, `Premia`, `Telefon`) VALUES (6, 'Malinowski', 'Filip', '2014-09-01 00:00:00', '1995-05-05 00:00:00', 'M', 500.0, 30.0, 0.0, NULL);
INSERT INTO `Nauczyciele` (`IdN`, `Nazwisko`, `Imie`, `DZatr`, `DUr`, `Plec`, `Pensja`, `Pensum`, `Premia`, `Telefon`) VALUES (7, 'Wesolowska', 'Elzbieta', '2023-07-17 00:00:00', '2001-07-21 00:00:00', 'K', 550.0, 150.0, 0.0, NULL);
INSERT INTO `Nauczyciele` (`IdN`, `Nazwisko`, `Imie`, `DZatr`, `DUr`, `Plec`, `Pensja`, `Pensum`, `Premia`, `Telefon`) VALUES (8, 'Wójcik', 'Piotr', '2024-09-21 00:00:00', '2000-07-17 00:00:00', 'M', 4000.0, 90.0, 300.0, NULL);
INSERT INTO `Nauczyciele` (`IdN`, `Nazwisko`, `Imie`, `DZatr`, `DUr`, `Plec`, `Pensja`, `Pensum`, `Premia`, `Telefon`) VALUES (9, 'Kwiatkowska', 'Magdalena', '2009-08-11 00:00:00', '1990-09-19 00:00:00', 'K', 6.35, 60.0, 2.0, NULL);
INSERT INTO `Nauczyciele` (`IdN`, `Nazwisko`, `Imie`, `DZatr`, `DUr`, `Plec`, `Pensja`, `Pensum`, `Premia`, `Telefon`) VALUES (10, 'Grabowski', 'Marcin', '2016-01-20 00:00:00', '1994-12-30 00:00:00', 'M', 450.0, 0.0, 222.22, NULL);
INSERT INTO `Nauczyciele` (`IdN`, `Nazwisko`, `Imie`, `DZatr`, `DUr`, `Plec`, `Pensja`, `Pensum`, `Premia`, `Telefon`) VALUES (11, 'Zielinska', 'Paulina', '2020-06-02 00:00:00', '1996-01-14 00:00:00', 'K', 70.0, 30.0, 0.0, NULL);
INSERT INTO `Nauczyciele` (`IdN`, `Nazwisko`, `Imie`, `DZatr`, `DUr`, `Plec`, `Pensja`, `Pensum`, `Premia`, `Telefon`) VALUES (12, 'Piotrowski', 'Andrzej', '2003-06-23 00:00:00', '1984-05-27 00:00:00', 'M', 650.0, 240.0, 100.0, NULL);
INSERT INTO `Nauczyciele` (`IdN`, `Nazwisko`, `Imie`, `DZatr`, `DUr`, `Plec`, `Pensja`, `Pensum`, `Premia`, `Telefon`) VALUES (13, 'Kowalska', 'Joanna', '1999-01-05 00:00:00', '1979-08-20 00:00:00', 'K', 400.0, 30.0, 0.0, NULL);
INSERT INTO `Nauczyciele` (`IdN`, `Nazwisko`, `Imie`, `DZatr`, `DUr`, `Plec`, `Pensja`, `Pensum`, `Premia`, `Telefon`) VALUES (14, 'Lewandowski', 'Adam', '2026-03-24 00:00:00', '2002-03-03 00:00:00', 'M', 750.0, 90.0, 117.17, NULL);
INSERT INTO `Nauczyciele` (`IdN`, `Nazwisko`, `Imie`, `DZatr`, `DUr`, `Plec`, `Pensja`, `Pensum`, `Premia`, `Telefon`) VALUES (15, 'Mazurek', 'Katarzyna', NULL, NULL, NULL, NULL, NULL, NULL, NULL);
INSERT INTO `Nauczyciele` (`IdN`, `Nazwisko`, `Imie`, `DZatr`, `DUr`, `Plec`, `Pensja`, `Pensum`, `Premia`, `Telefon`) VALUES (16, 'Kowalski', 'Andrzej', '2025-10-07 00:00:00', '2003-04-19 00:00:00', 'M', 350.5, 30.0, 150.0, NULL);
INSERT INTO `Nauczyciele` (`IdN`, `Nazwisko`, `Imie`, `DZatr`, `DUr`, `Plec`, `Pensja`, `Pensum`, `Premia`, `Telefon`) VALUES (17, 'Talerz', 'Magdalena', '2008-09-30 00:00:00', '1985-01-14 00:00:00', 'K', 550.0, 120.0, 10.0, NULL);
INSERT INTO `Nauczyciele` (`IdN`, `Nazwisko`, `Imie`, `DZatr`, `DUr`, `Plec`, `Pensja`, `Pensum`, `Premia`, `Telefon`) VALUES (18, 'Marek', 'Sara', '2025-07-02 00:00:00', '2007-07-02 00:00:00', 'K', 13000.0, 120.0, 0.0, NULL);

-- Dane dla tabeli Klasy
INSERT INTO `Klasy` (`Symbol`, `Profil`, `Wych`) VALUES ('Ia', 'Matfiz', 1.0);
INSERT INTO `Klasy` (`Symbol`, `Profil`, `Wych`) VALUES ('Ib', 'Biolchem', 3.0);
INSERT INTO `Klasy` (`Symbol`, `Profil`, `Wych`) VALUES ('IIa', 'Matfiz', 4.0);
INSERT INTO `Klasy` (`Symbol`, `Profil`, `Wych`) VALUES ('IIb', 'Biolchem', 5.0);
INSERT INTO `Klasy` (`Symbol`, `Profil`, `Wych`) VALUES ('IIIa', 'Matfiz', 13.0);
INSERT INTO `Klasy` (`Symbol`, `Profil`, `Wych`) VALUES ('IIIb', 'Biolchem', 11.0);
INSERT INTO `Klasy` (`Symbol`, `Profil`, `Wych`) VALUES ('IVa', 'Matfiz', 14.0);
INSERT INTO `Klasy` (`Symbol`, `Profil`, `Wych`) VALUES ('IVb', 'Biolchem', 15.0);
INSERT INTO `Klasy` (`Symbol`, `Profil`, `Wych`) VALUES ('Va', 'Matfiz', 8.0);
INSERT INTO `Klasy` (`Symbol`, `Profil`, `Wych`) VALUES ('Vb', 'Biolchem', NULL);

-- Dane dla tabeli Uczniowie
INSERT INTO `Uczniowie` (`IdU`, `Nazwisko`, `Imie`, `DUr`, `Plec`, `Klasa`, `Miasto`, `Email`) VALUES (1, 'Stepien', 'Konrad', '2000-01-01 00:00:00', 'M', 'Ia', 4.0, NULL);
INSERT INTO `Uczniowie` (`IdU`, `Nazwisko`, `Imie`, `DUr`, `Plec`, `Klasa`, `Miasto`, `Email`) VALUES (2, 'Stepien', 'Julia', '1974-06-02 00:00:00', 'K', 'Ib', 3.0, NULL);
INSERT INTO `Uczniowie` (`IdU`, `Nazwisko`, `Imie`, `DUr`, `Plec`, `Klasa`, `Miasto`, `Email`) VALUES (3, 'Stepien', 'Julia', '2002-10-01 00:00:00', 'K', 'IIb', 5.0, NULL);
INSERT INTO `Uczniowie` (`IdU`, `Nazwisko`, `Imie`, `DUr`, `Plec`, `Klasa`, `Miasto`, `Email`) VALUES (4, 'Kowalski', 'Jan', NULL, 'M', 'IIa', 12.0, NULL);
INSERT INTO `Uczniowie` (`IdU`, `Nazwisko`, `Imie`, `DUr`, `Plec`, `Klasa`, `Miasto`, `Email`) VALUES (5, 'Nowak', 'Anna', '2004-12-10 00:00:00', 'K', 'Ib', 5.0, NULL);
INSERT INTO `Uczniowie` (`IdU`, `Nazwisko`, `Imie`, `DUr`, `Plec`, `Klasa`, `Miasto`, `Email`) VALUES (6, 'Wisniewski-Lewandowski', 'Piotr', NULL, NULL, 'IIIb', 33.0, NULL);
INSERT INTO `Uczniowie` (`IdU`, `Nazwisko`, `Imie`, `DUr`, `Plec`, `Klasa`, `Miasto`, `Email`) VALUES (7, 'Wójcik', 'Katarzyna', NULL, 'K', 'Ia', 21.0, NULL);
INSERT INTO `Uczniowie` (`IdU`, `Nazwisko`, `Imie`, `DUr`, `Plec`, `Klasa`, `Miasto`, `Email`) VALUES (8, 'Kowalczyk', 'Marek', NULL, 'M', 'IVa', 7.0, NULL);
INSERT INTO `Uczniowie` (`IdU`, `Nazwisko`, `Imie`, `DUr`, `Plec`, `Klasa`, `Miasto`, `Email`) VALUES (9, 'Kaminska', 'Agnieszka', NULL, 'K', 'IIb', 44.0, NULL);
INSERT INTO `Uczniowie` (`IdU`, `Nazwisko`, `Imie`, `DUr`, `Plec`, `Klasa`, `Miasto`, `Email`) VALUES (10, 'Lewandowski', 'Tomasz', NULL, 'M', 'IIIa', 18.0, NULL);
INSERT INTO `Uczniowie` (`IdU`, `Nazwisko`, `Imie`, `DUr`, `Plec`, `Klasa`, `Miasto`, `Email`) VALUES (11, 'Zielinska', 'Magdalena', NULL, 'K', 'Ib', 2.0, NULL);
INSERT INTO `Uczniowie` (`IdU`, `Nazwisko`, `Imie`, `DUr`, `Plec`, `Klasa`, `Miasto`, `Email`) VALUES (12, 'Szymanski', 'Pawel', NULL, 'M', 'IVb', 30.0, NULL);
INSERT INTO `Uczniowie` (`IdU`, `Nazwisko`, `Imie`, `DUr`, `Plec`, `Klasa`, `Miasto`, `Email`) VALUES (13, 'Dabrowska', 'Joanna', NULL, 'K', 'IIa', 15.0, NULL);
INSERT INTO `Uczniowie` (`IdU`, `Nazwisko`, `Imie`, `DUr`, `Plec`, `Klasa`, `Miasto`, `Email`) VALUES (14, 'Kozlowski', 'Krzysztof', NULL, 'M', 'IIIb', 41.0, NULL);
INSERT INTO `Uczniowie` (`IdU`, `Nazwisko`, `Imie`, `DUr`, `Plec`, `Klasa`, `Miasto`, `Email`) VALUES (15, 'Jankowska', 'Monika', NULL, 'K', 'Ia', 9.0, NULL);
INSERT INTO `Uczniowie` (`IdU`, `Nazwisko`, `Imie`, `DUr`, `Plec`, `Klasa`, `Miasto`, `Email`) VALUES (16, 'Mazur', 'Adam', NULL, 'M', 'IVa', 26.0, NULL);
INSERT INTO `Uczniowie` (`IdU`, `Nazwisko`, `Imie`, `DUr`, `Plec`, `Klasa`, `Miasto`, `Email`) VALUES (17, 'Wojciechowska', 'Ewa', NULL, 'K', 'IIb', 37.0, NULL);
INSERT INTO `Uczniowie` (`IdU`, `Nazwisko`, `Imie`, `DUr`, `Plec`, `Klasa`, `Miasto`, `Email`) VALUES (18, 'Kwiatkowski', 'Michal', NULL, 'M', 'IIIa', 3.0, NULL);
INSERT INTO `Uczniowie` (`IdU`, `Nazwisko`, `Imie`, `DUr`, `Plec`, `Klasa`, `Miasto`, `Email`) VALUES (19, 'Kaczmarek', 'Aleksandra', NULL, 'K', 'Ib', 20.0, NULL);
INSERT INTO `Uczniowie` (`IdU`, `Nazwisko`, `Imie`, `DUr`, `Plec`, `Klasa`, `Miasto`, `Email`) VALUES (20, 'Piotrowski', 'Lukasz', NULL, 'M', 'IVb', 46.0, NULL);
INSERT INTO `Uczniowie` (`IdU`, `Nazwisko`, `Imie`, `DUr`, `Plec`, `Klasa`, `Miasto`, `Email`) VALUES (21, 'Grabowska', 'Natalia', NULL, 'K', 'IIa', 11.0, NULL);
INSERT INTO `Uczniowie` (`IdU`, `Nazwisko`, `Imie`, `DUr`, `Plec`, `Klasa`, `Miasto`, `Email`) VALUES (22, 'Nowicki', 'Jakub', NULL, 'M', 'IIIb', 28.0, NULL);
INSERT INTO `Uczniowie` (`IdU`, `Nazwisko`, `Imie`, `DUr`, `Plec`, `Klasa`, `Miasto`, `Email`) VALUES (23, 'Pawlowska', 'Karolina', NULL, 'K', 'Ia', 6.0, NULL);
INSERT INTO `Uczniowie` (`IdU`, `Nazwisko`, `Imie`, `DUr`, `Plec`, `Klasa`, `Miasto`, `Email`) VALUES (24, 'Michalski', 'Szymon', NULL, 'M', 'IVa', 39.0, NULL);
INSERT INTO `Uczniowie` (`IdU`, `Nazwisko`, `Imie`, `DUr`, `Plec`, `Klasa`, `Miasto`, `Email`) VALUES (25, 'Król', 'Marta', NULL, 'K', 'IIb', 14.0, NULL);
INSERT INTO `Uczniowie` (`IdU`, `Nazwisko`, `Imie`, `DUr`, `Plec`, `Klasa`, `Miasto`, `Email`) VALUES (26, 'Wieczorek', 'Filip', NULL, 'M', 'IIIa', 23.0, NULL);
INSERT INTO `Uczniowie` (`IdU`, `Nazwisko`, `Imie`, `DUr`, `Plec`, `Klasa`, `Miasto`, `Email`) VALUES (27, 'Jablonska', 'Paulina', NULL, 'K', 'Ib', 1.0, NULL);
INSERT INTO `Uczniowie` (`IdU`, `Nazwisko`, `Imie`, `DUr`, `Plec`, `Klasa`, `Miasto`, `Email`) VALUES (28, 'Wróbel', 'Patryk', NULL, 'M', 'IVb', 35.0, NULL);
INSERT INTO `Uczniowie` (`IdU`, `Nazwisko`, `Imie`, `DUr`, `Plec`, `Klasa`, `Miasto`, `Email`) VALUES (29, 'Majewska', 'Weronika', NULL, 'K', 'IIa', 17.0, NULL);
INSERT INTO `Uczniowie` (`IdU`, `Nazwisko`, `Imie`, `DUr`, `Plec`, `Klasa`, `Miasto`, `Email`) VALUES (30, 'Olszewski', 'Marcin', NULL, 'M', 'IIIb', 42.0, NULL);
INSERT INTO `Uczniowie` (`IdU`, `Nazwisko`, `Imie`, `DUr`, `Plec`, `Klasa`, `Miasto`, `Email`) VALUES (31, 'Rutkowska', 'Amelia', NULL, 'K', 'Ia', 8.0, NULL);
INSERT INTO `Uczniowie` (`IdU`, `Nazwisko`, `Imie`, `DUr`, `Plec`, `Klasa`, `Miasto`, `Email`) VALUES (32, 'Jaworski', 'Kamil', NULL, 'M', 'IVa', 29.0, NULL);
INSERT INTO `Uczniowie` (`IdU`, `Nazwisko`, `Imie`, `DUr`, `Plec`, `Klasa`, `Miasto`, `Email`) VALUES (33, 'Malinowska', 'Zuzanna', NULL, 'K', 'IIb', 45.0, NULL);
INSERT INTO `Uczniowie` (`IdU`, `Nazwisko`, `Imie`, `DUr`, `Plec`, `Klasa`, `Miasto`, `Email`) VALUES (34, 'Adamczyk', 'Bartosz', NULL, 'M', 'IIIa', 10.0, 'badamczyk@gmail.com');
INSERT INTO `Uczniowie` (`IdU`, `Nazwisko`, `Imie`, `DUr`, `Plec`, `Klasa`, `Miasto`, `Email`) VALUES (35, 'Dudek', 'Emilia', NULL, 'K', 'Ib', 24.0, NULL);
INSERT INTO `Uczniowie` (`IdU`, `Nazwisko`, `Imie`, `DUr`, `Plec`, `Klasa`, `Miasto`, `Email`) VALUES (36, 'Zajac', 'Grzegorz', NULL, 'M', 'IVb', 31.0, NULL);
INSERT INTO `Uczniowie` (`IdU`, `Nazwisko`, `Imie`, `DUr`, `Plec`, `Klasa`, `Miasto`, `Email`) VALUES (37, 'Walczak', 'Olga', NULL, NULL, NULL, NULL, NULL);
INSERT INTO `Uczniowie` (`IdU`, `Nazwisko`, `Imie`, `DUr`, `Plec`, `Klasa`, `Miasto`, `Email`) VALUES (38, 'Baran', 'Rafal', NULL, 'M', 'IIIb', 22.0, NULL);
INSERT INTO `Uczniowie` (`IdU`, `Nazwisko`, `Imie`, `DUr`, `Plec`, `Klasa`, `Miasto`, `Email`) VALUES (39, 'Sikora', 'Lena', NULL, 'K', 'Ia', 13.0, NULL);
INSERT INTO `Uczniowie` (`IdU`, `Nazwisko`, `Imie`, `DUr`, `Plec`, `Klasa`, `Miasto`, `Email`) VALUES (40, 'Krupa', 'Daniel', NULL, 'M', 'IVa', 40.0, NULL);
INSERT INTO `Uczniowie` (`IdU`, `Nazwisko`, `Imie`, `DUr`, `Plec`, `Klasa`, `Miasto`, `Email`) VALUES (41, 'Piasecka', 'Amelia', NULL, 'K', 'IIb', 16.0, NULL);
INSERT INTO `Uczniowie` (`IdU`, `Nazwisko`, `Imie`, `DUr`, `Plec`, `Klasa`, `Miasto`, `Email`) VALUES (42, 'Urban', 'Hubert', NULL, 'M', 'IIIa', 34.0, NULL);
INSERT INTO `Uczniowie` (`IdU`, `Nazwisko`, `Imie`, `DUr`, `Plec`, `Klasa`, `Miasto`, `Email`) VALUES (43, 'Kubiak', 'Hanna', NULL, 'K', 'Ib', 19.0, NULL);
INSERT INTO `Uczniowie` (`IdU`, `Nazwisko`, `Imie`, `DUr`, `Plec`, `Klasa`, `Miasto`, `Email`) VALUES (44, 'Wilk', 'Damian', NULL, 'M', 'IVb', 27.0, NULL);
INSERT INTO `Uczniowie` (`IdU`, `Nazwisko`, `Imie`, `DUr`, `Plec`, `Klasa`, `Miasto`, `Email`) VALUES (45, 'Chmielewska', 'Iga', NULL, 'K', 'IIa', 38.0, NULL);
INSERT INTO `Uczniowie` (`IdU`, `Nazwisko`, `Imie`, `DUr`, `Plec`, `Klasa`, `Miasto`, `Email`) VALUES (46, 'Sawicki', 'Adrian', NULL, 'M', 'IIIb', 43.0, NULL);
INSERT INTO `Uczniowie` (`IdU`, `Nazwisko`, `Imie`, `DUr`, `Plec`, `Klasa`, `Miasto`, `Email`) VALUES (47, 'Borkowska', 'Kinga', NULL, 'K', 'Ia', 25.0, NULL);
INSERT INTO `Uczniowie` (`IdU`, `Nazwisko`, `Imie`, `DUr`, `Plec`, `Klasa`, `Miasto`, `Email`) VALUES (48, 'Sobczak', 'Konrad', NULL, 'M', 'IVa', 47.0, NULL);
INSERT INTO `Uczniowie` (`IdU`, `Nazwisko`, `Imie`, `DUr`, `Plec`, `Klasa`, `Miasto`, `Email`) VALUES (49, 'Szczepanska', 'Patrycja', NULL, 'K', 'IIb', 32.0, NULL);
INSERT INTO `Uczniowie` (`IdU`, `Nazwisko`, `Imie`, `DUr`, `Plec`, `Klasa`, `Miasto`, `Email`) VALUES (50, 'Lis', 'Igor', NULL, 'M', 'IIIa', 36.0, NULL);
INSERT INTO `Uczniowie` (`IdU`, `Nazwisko`, `Imie`, `DUr`, `Plec`, `Klasa`, `Miasto`, `Email`) VALUES (51, 'Górska', 'Milena', NULL, 'K', 'Ib', 12.0, NULL);
INSERT INTO `Uczniowie` (`IdU`, `Nazwisko`, `Imie`, `DUr`, `Plec`, `Klasa`, `Miasto`, `Email`) VALUES (52, 'Rutkowski', 'Oskar', NULL, 'M', 'IVb', 5.0, NULL);
INSERT INTO `Uczniowie` (`IdU`, `Nazwisko`, `Imie`, `DUr`, `Plec`, `Klasa`, `Miasto`, `Email`) VALUES (53, 'Kurek', 'Aneta', NULL, 'K', 'IIa', 21.0, NULL);
INSERT INTO `Uczniowie` (`IdU`, `Nazwisko`, `Imie`, `DUr`, `Plec`, `Klasa`, `Miasto`, `Email`) VALUES (54, 'Czarnecki', 'Maciej', NULL, 'M', 'IIIb', 7.0, NULL);
INSERT INTO `Uczniowie` (`IdU`, `Nazwisko`, `Imie`, `DUr`, `Plec`, `Klasa`, `Miasto`, `Email`) VALUES (55, 'Marciniak', 'Eliza', NULL, 'K', 'Ia', 44.0, NULL);
INSERT INTO `Uczniowie` (`IdU`, `Nazwisko`, `Imie`, `DUr`, `Plec`, `Klasa`, `Miasto`, `Email`) VALUES (56, 'Witkowski', 'Sebastian', NULL, 'M', 'IVa', 18.0, NULL);
INSERT INTO `Uczniowie` (`IdU`, `Nazwisko`, `Imie`, `DUr`, `Plec`, `Klasa`, `Miasto`, `Email`) VALUES (57, 'Janik', 'Daria', NULL, 'K', 'IIb', 2.0, NULL);
INSERT INTO `Uczniowie` (`IdU`, `Nazwisko`, `Imie`, `DUr`, `Plec`, `Klasa`, `Miasto`, `Email`) VALUES (58, 'Skowronski', 'Artur', NULL, 'M', 'IIIa', 30.0, NULL);
INSERT INTO `Uczniowie` (`IdU`, `Nazwisko`, `Imie`, `DUr`, `Plec`, `Klasa`, `Miasto`, `Email`) VALUES (59, 'Tomczak', 'Nikola', NULL, 'K', 'Ib', 15.0, NULL);
INSERT INTO `Uczniowie` (`IdU`, `Nazwisko`, `Imie`, `DUr`, `Plec`, `Klasa`, `Miasto`, `Email`) VALUES (60, 'Ostrowski', 'Przemyslaw', NULL, 'M', 'IVb', 41.0, NULL);
INSERT INTO `Uczniowie` (`IdU`, `Nazwisko`, `Imie`, `DUr`, `Plec`, `Klasa`, `Miasto`, `Email`) VALUES (61, 'Guzek', 'Franek', '2011-08-11 00:00:00', 'M', 'IIIa', 38.0, NULL);
INSERT INTO `Uczniowie` (`IdU`, `Nazwisko`, `Imie`, `DUr`, `Plec`, `Klasa`, `Miasto`, `Email`) VALUES (62, 'Brzeczyszczykiewicz', 'Julia', '2020-02-16 00:00:00', 'K', 'Ia', 39.0, NULL);

-- Dane dla tabeli Uczy
INSERT INTO `Uczy` (`IdN`, `IdP`, `IleGodz`) VALUES (1, 1, 40);
INSERT INTO `Uczy` (`IdN`, `IdP`, `IleGodz`) VALUES (3, 5, 16);
INSERT INTO `Uczy` (`IdN`, `IdP`, `IleGodz`) VALUES (4, 3, 36);
INSERT INTO `Uczy` (`IdN`, `IdP`, `IleGodz`) VALUES (5, 2, 20);
INSERT INTO `Uczy` (`IdN`, `IdP`, `IleGodz`) VALUES (7, 4, 22);
INSERT INTO `Uczy` (`IdN`, `IdP`, `IleGodz`) VALUES (8, 6, 8);
INSERT INTO `Uczy` (`IdN`, `IdP`, `IleGodz`) VALUES (9, 7, 21);
INSERT INTO `Uczy` (`IdN`, `IdP`, `IleGodz`) VALUES (10, 8, 18);
INSERT INTO `Uczy` (`IdN`, `IdP`, `IleGodz`) VALUES (10, 9, 7);
INSERT INTO `Uczy` (`IdN`, `IdP`, `IleGodz`) VALUES (11, 2, 5);
INSERT INTO `Uczy` (`IdN`, `IdP`, `IleGodz`) VALUES (11, 10, 23);
INSERT INTO `Uczy` (`IdN`, `IdP`, `IleGodz`) VALUES (12, 1, 3);
INSERT INTO `Uczy` (`IdN`, `IdP`, `IleGodz`) VALUES (12, 2, 4);
INSERT INTO `Uczy` (`IdN`, `IdP`, `IleGodz`) VALUES (12, 3, 4);
INSERT INTO `Uczy` (`IdN`, `IdP`, `IleGodz`) VALUES (12, 4, 5);
INSERT INTO `Uczy` (`IdN`, `IdP`, `IleGodz`) VALUES (12, 5, 2);
INSERT INTO `Uczy` (`IdN`, `IdP`, `IleGodz`) VALUES (12, 6, 4);
INSERT INTO `Uczy` (`IdN`, `IdP`, `IleGodz`) VALUES (12, 7, 1);
INSERT INTO `Uczy` (`IdN`, `IdP`, `IleGodz`) VALUES (12, 8, 2);
INSERT INTO `Uczy` (`IdN`, `IdP`, `IleGodz`) VALUES (12, 9, 1);
INSERT INTO `Uczy` (`IdN`, `IdP`, `IleGodz`) VALUES (12, 10, 6);
INSERT INTO `Uczy` (`IdN`, `IdP`, `IleGodz`) VALUES (12, 11, 8);

-- Dane dla tabeli Oceny
INSERT INTO `Oceny` (`IdU`, `IdP`, `Ocena`, `DataO`) VALUES (1, 5, 4.0, '2026-03-03 00:00:00');
INSERT INTO `Oceny` (`IdU`, `IdP`, `Ocena`, `DataO`) VALUES (1, 7, 5.0, '2026-02-17 00:00:00');
INSERT INTO `Oceny` (`IdU`, `IdP`, `Ocena`, `DataO`) VALUES (2, 1, 2.0, '2026-03-13 00:00:00');
INSERT INTO `Oceny` (`IdU`, `IdP`, `Ocena`, `DataO`) VALUES (2, 6, 5.0, '2026-03-18 00:00:00');
INSERT INTO `Oceny` (`IdU`, `IdP`, `Ocena`, `DataO`) VALUES (3, 2, 3.0, '2026-03-06 00:00:00');
INSERT INTO `Oceny` (`IdU`, `IdP`, `Ocena`, `DataO`) VALUES (3, 4, 5.0, '2026-02-01 00:00:00');
INSERT INTO `Oceny` (`IdU`, `IdP`, `Ocena`, `DataO`) VALUES (4, 1, 5.0, '2024-06-18 00:00:00');
INSERT INTO `Oceny` (`IdU`, `IdP`, `Ocena`, `DataO`) VALUES (4, 3, 4.0, '2024-01-12 00:00:00');
INSERT INTO `Oceny` (`IdU`, `IdP`, `Ocena`, `DataO`) VALUES (4, 7, 3.5, '2024-03-05 00:00:00');
INSERT INTO `Oceny` (`IdU`, `IdP`, `Ocena`, `DataO`) VALUES (5, 2, 3.0, '2024-02-09 00:00:00');
INSERT INTO `Oceny` (`IdU`, `IdP`, `Ocena`, `DataO`) VALUES (5, 6, 4.5, '2024-05-21 00:00:00');
INSERT INTO `Oceny` (`IdU`, `IdP`, `Ocena`, `DataO`) VALUES (5, 10, 4.0, '2024-09-14 00:00:00');
INSERT INTO `Oceny` (`IdU`, `IdP`, `Ocena`, `DataO`) VALUES (6, 4, 2.0, '2024-01-30 00:00:00');
INSERT INTO `Oceny` (`IdU`, `IdP`, `Ocena`, `DataO`) VALUES (6, 9, 3.5, '2024-04-11 00:00:00');
INSERT INTO `Oceny` (`IdU`, `IdP`, `Ocena`, `DataO`) VALUES (6, 11, 4.0, '2024-10-02 00:00:00');
INSERT INTO `Oceny` (`IdU`, `IdP`, `Ocena`, `DataO`) VALUES (7, 1, 5.0, '2024-02-17 00:00:00');
INSERT INTO `Oceny` (`IdU`, `IdP`, `Ocena`, `DataO`) VALUES (7, 5, 4.0, '2024-06-03 00:00:00');
INSERT INTO `Oceny` (`IdU`, `IdP`, `Ocena`, `DataO`) VALUES (7, 8, 3.0, '2024-11-22 00:00:00');
INSERT INTO `Oceny` (`IdU`, `IdP`, `Ocena`, `DataO`) VALUES (8, 2, 3.5, '2024-01-08 00:00:00');
INSERT INTO `Oceny` (`IdU`, `IdP`, `Ocena`, `DataO`) VALUES (8, 7, 4.5, '2024-03-19 00:00:00');
INSERT INTO `Oceny` (`IdU`, `IdP`, `Ocena`, `DataO`) VALUES (8, 10, 5.0, '2024-12-01 00:00:00');
INSERT INTO `Oceny` (`IdU`, `IdP`, `Ocena`, `DataO`) VALUES (9, 3, 3.0, '2024-05-09 00:00:00');
INSERT INTO `Oceny` (`IdU`, `IdP`, `Ocena`, `DataO`) VALUES (9, 6, 2.0, '2024-02-25 00:00:00');
INSERT INTO `Oceny` (`IdU`, `IdP`, `Ocena`, `DataO`) VALUES (9, 11, 4.0, '2024-10-27 00:00:00');
INSERT INTO `Oceny` (`IdU`, `IdP`, `Ocena`, `DataO`) VALUES (10, 1, 4.5, '2024-01-14 00:00:00');
INSERT INTO `Oceny` (`IdU`, `IdP`, `Ocena`, `DataO`) VALUES (10, 5, 5.0, '2024-09-06 00:00:00');
INSERT INTO `Oceny` (`IdU`, `IdP`, `Ocena`, `DataO`) VALUES (10, 8, 3.5, '2024-04-28 00:00:00');
INSERT INTO `Oceny` (`IdU`, `IdP`, `Ocena`, `DataO`) VALUES (11, 2, 3.5, '2024-11-19 00:00:00');
INSERT INTO `Oceny` (`IdU`, `IdP`, `Ocena`, `DataO`) VALUES (11, 4, 3.0, '2024-02-03 00:00:00');
INSERT INTO `Oceny` (`IdU`, `IdP`, `Ocena`, `DataO`) VALUES (11, 9, 4.0, '2024-06-12 00:00:00');
INSERT INTO `Oceny` (`IdU`, `IdP`, `Ocena`, `DataO`) VALUES (12, 3, 3.5, '2024-05-02 00:00:00');
INSERT INTO `Oceny` (`IdU`, `IdP`, `Ocena`, `DataO`) VALUES (12, 7, 2.0, '2024-01-21 00:00:00');
INSERT INTO `Oceny` (`IdU`, `IdP`, `Ocena`, `DataO`) VALUES (12, 10, 4.5, '2024-10-08 00:00:00');
INSERT INTO `Oceny` (`IdU`, `IdP`, `Ocena`, `DataO`) VALUES (13, 1, 4.0, '2024-06-25 00:00:00');
INSERT INTO `Oceny` (`IdU`, `IdP`, `Ocena`, `DataO`) VALUES (13, 6, 5.0, '2024-02-14 00:00:00');
INSERT INTO `Oceny` (`IdU`, `IdP`, `Ocena`, `DataO`) VALUES (13, 8, 3.0, '2024-12-10 00:00:00');
INSERT INTO `Oceny` (`IdU`, `IdP`, `Ocena`, `DataO`) VALUES (14, 2, 3.5, '2024-01-27 00:00:00');
INSERT INTO `Oceny` (`IdU`, `IdP`, `Ocena`, `DataO`) VALUES (14, 5, 5.0, '2024-09-29 00:00:00');
INSERT INTO `Oceny` (`IdU`, `IdP`, `Ocena`, `DataO`) VALUES (14, 11, 4.0, '2024-04-07 00:00:00');
INSERT INTO `Oceny` (`IdU`, `IdP`, `Ocena`, `DataO`) VALUES (15, 3, 2.0, '2024-02-06 00:00:00');
INSERT INTO `Oceny` (`IdU`, `IdP`, `Ocena`, `DataO`) VALUES (15, 7, 3.0, '2024-05-18 00:00:00');
INSERT INTO `Oceny` (`IdU`, `IdP`, `Ocena`, `DataO`) VALUES (15, 9, 4.0, '2024-11-03 00:00:00');
INSERT INTO `Oceny` (`IdU`, `IdP`, `Ocena`, `DataO`) VALUES (16, 2, 5.0, '2024-08-15 00:00:00');
INSERT INTO `Oceny` (`IdU`, `IdP`, `Ocena`, `DataO`) VALUES (16, 4, 4.5, '2024-01-11 00:00:00');
INSERT INTO `Oceny` (`IdU`, `IdP`, `Ocena`, `DataO`) VALUES (16, 8, 3.5, '2024-03-30 00:00:00');
INSERT INTO `Oceny` (`IdU`, `IdP`, `Ocena`, `DataO`) VALUES (17, 1, 3.0, '2024-02-20 00:00:00');
INSERT INTO `Oceny` (`IdU`, `IdP`, `Ocena`, `DataO`) VALUES (17, 6, 4.0, '2024-06-06 00:00:00');
INSERT INTO `Oceny` (`IdU`, `IdP`, `Ocena`, `DataO`) VALUES (17, 10, 4.5, '2024-10-13 00:00:00');
INSERT INTO `Oceny` (`IdU`, `IdP`, `Ocena`, `DataO`) VALUES (18, 3, 4.0, '2024-09-21 00:00:00');
INSERT INTO `Oceny` (`IdU`, `IdP`, `Ocena`, `DataO`) VALUES (18, 5, 2.0, '2024-01-25 00:00:00');
INSERT INTO `Oceny` (`IdU`, `IdP`, `Ocena`, `DataO`) VALUES (18, 9, 3.5, '2024-05-11 00:00:00');
INSERT INTO `Oceny` (`IdU`, `IdP`, `Ocena`, `DataO`) VALUES (19, 2, 4.0, '2024-06-30 00:00:00');
INSERT INTO `Oceny` (`IdU`, `IdP`, `Ocena`, `DataO`) VALUES (19, 7, 5.0, '2024-02-12 00:00:00');
INSERT INTO `Oceny` (`IdU`, `IdP`, `Ocena`, `DataO`) VALUES (19, 11, 3.0, '2024-12-05 00:00:00');
INSERT INTO `Oceny` (`IdU`, `IdP`, `Ocena`, `DataO`) VALUES (20, 4, 4.5, '2024-04-22 00:00:00');
INSERT INTO `Oceny` (`IdU`, `IdP`, `Ocena`, `DataO`) VALUES (20, 6, 5.0, '2024-10-19 00:00:00');
INSERT INTO `Oceny` (`IdU`, `IdP`, `Ocena`, `DataO`) VALUES (20, 8, 3.5, '2024-01-09 00:00:00');
INSERT INTO `Oceny` (`IdU`, `IdP`, `Ocena`, `DataO`) VALUES (21, 1, 4.0, '2024-11-25 00:00:00');
INSERT INTO `Oceny` (`IdU`, `IdP`, `Ocena`, `DataO`) VALUES (21, 3, 2.0, '2024-02-28 00:00:00');
INSERT INTO `Oceny` (`IdU`, `IdP`, `Ocena`, `DataO`) VALUES (21, 7, 3.0, '2024-06-01 00:00:00');
INSERT INTO `Oceny` (`IdU`, `IdP`, `Ocena`, `DataO`) VALUES (22, 2, 5.0, '2024-08-28 00:00:00');
INSERT INTO `Oceny` (`IdU`, `IdP`, `Ocena`, `DataO`) VALUES (22, 5, 3.5, '2024-04-05 00:00:00');
INSERT INTO `Oceny` (`IdU`, `IdP`, `Ocena`, `DataO`) VALUES (22, 9, 4.5, '2024-01-16 00:00:00');
INSERT INTO `Oceny` (`IdU`, `IdP`, `Ocena`, `DataO`) VALUES (23, 4, 4.5, '2024-12-02 00:00:00');
INSERT INTO `Oceny` (`IdU`, `IdP`, `Ocena`, `DataO`) VALUES (23, 6, 3.0, '2024-02-08 00:00:00');
INSERT INTO `Oceny` (`IdU`, `IdP`, `Ocena`, `DataO`) VALUES (23, 10, 4.0, '2024-06-14 00:00:00');
INSERT INTO `Oceny` (`IdU`, `IdP`, `Ocena`, `DataO`) VALUES (24, 1, 2.0, '2024-01-20 00:00:00');
INSERT INTO `Oceny` (`IdU`, `IdP`, `Ocena`, `DataO`) VALUES (24, 7, 3.5, '2024-05-23 00:00:00');
INSERT INTO `Oceny` (`IdU`, `IdP`, `Ocena`, `DataO`) VALUES (24, 11, 4.0, '2024-10-06 00:00:00');
INSERT INTO `Oceny` (`IdU`, `IdP`, `Ocena`, `DataO`) VALUES (25, 2, 5.0, '2024-02-11 00:00:00');
INSERT INTO `Oceny` (`IdU`, `IdP`, `Ocena`, `DataO`) VALUES (25, 3, 3.0, '2024-11-29 00:00:00');
INSERT INTO `Oceny` (`IdU`, `IdP`, `Ocena`, `DataO`) VALUES (25, 8, 4.0, '2024-06-18 00:00:00');
INSERT INTO `Oceny` (`IdU`, `IdP`, `Ocena`, `DataO`) VALUES (26, 5, 4.5, '2024-03-27 00:00:00');
INSERT INTO `Oceny` (`IdU`, `IdP`, `Ocena`, `DataO`) VALUES (26, 9, 3.5, '2024-01-07 00:00:00');
INSERT INTO `Oceny` (`IdU`, `IdP`, `Ocena`, `DataO`) VALUES (26, 10, 5.0, '2024-09-17 00:00:00');
INSERT INTO `Oceny` (`IdU`, `IdP`, `Ocena`, `DataO`) VALUES (27, 1, 3.0, '2024-06-08 00:00:00');
INSERT INTO `Oceny` (`IdU`, `IdP`, `Ocena`, `DataO`) VALUES (27, 4, 2.0, '2024-02-16 00:00:00');
INSERT INTO `Oceny` (`IdU`, `IdP`, `Ocena`, `DataO`) VALUES (27, 7, 4.0, '2024-10-25 00:00:00');
INSERT INTO `Oceny` (`IdU`, `IdP`, `Ocena`, `DataO`) VALUES (28, 3, 4.5, '2024-01-18 00:00:00');
INSERT INTO `Oceny` (`IdU`, `IdP`, `Ocena`, `DataO`) VALUES (28, 6, 5.0, '2024-08-31 00:00:00');
INSERT INTO `Oceny` (`IdU`, `IdP`, `Ocena`, `DataO`) VALUES (28, 11, 3.5, '2024-04-10 00:00:00');
INSERT INTO `Oceny` (`IdU`, `IdP`, `Ocena`, `DataO`) VALUES (29, 2, 3.5, '2024-05-15 00:00:00');
INSERT INTO `Oceny` (`IdU`, `IdP`, `Ocena`, `DataO`) VALUES (29, 8, 2.0, '2024-02-22 00:00:00');
INSERT INTO `Oceny` (`IdU`, `IdP`, `Ocena`, `DataO`) VALUES (29, 9, 4.0, '2024-11-08 00:00:00');
INSERT INTO `Oceny` (`IdU`, `IdP`, `Ocena`, `DataO`) VALUES (30, 1, 4.5, '2024-12-14 00:00:00');
INSERT INTO `Oceny` (`IdU`, `IdP`, `Ocena`, `DataO`) VALUES (30, 5, 3.0, '2024-01-13 00:00:00');
INSERT INTO `Oceny` (`IdU`, `IdP`, `Ocena`, `DataO`) VALUES (30, 10, 4.0, '2024-06-27 00:00:00');
INSERT INTO `Oceny` (`IdU`, `IdP`, `Ocena`, `DataO`) VALUES (31, 3, 3.5, '2024-05-19 00:00:00');
INSERT INTO `Oceny` (`IdU`, `IdP`, `Ocena`, `DataO`) VALUES (31, 7, 2.0, '2024-02-04 00:00:00');
INSERT INTO `Oceny` (`IdU`, `IdP`, `Ocena`, `DataO`) VALUES (31, 11, 4.0, '2024-10-01 00:00:00');
INSERT INTO `Oceny` (`IdU`, `IdP`, `Ocena`, `DataO`) VALUES (32, 4, 5.0, '2024-01-28 00:00:00');
INSERT INTO `Oceny` (`IdU`, `IdP`, `Ocena`, `DataO`) VALUES (32, 6, 3.0, '2024-09-12 00:00:00');
INSERT INTO `Oceny` (`IdU`, `IdP`, `Ocena`, `DataO`) VALUES (32, 9, 4.0, '2024-04-16 00:00:00');
INSERT INTO `Oceny` (`IdU`, `IdP`, `Ocena`, `DataO`) VALUES (33, 1, 5.0, '2024-11-30 00:00:00');
INSERT INTO `Oceny` (`IdU`, `IdP`, `Ocena`, `DataO`) VALUES (33, 2, 3.5, '2024-02-13 00:00:00');
INSERT INTO `Oceny` (`IdU`, `IdP`, `Ocena`, `DataO`) VALUES (33, 8, 4.5, '2024-06-21 00:00:00');
INSERT INTO `Oceny` (`IdU`, `IdP`, `Ocena`, `DataO`) VALUES (34, 5, 3.0, '2024-03-22 00:00:00');
INSERT INTO `Oceny` (`IdU`, `IdP`, `Ocena`, `DataO`) VALUES (34, 7, 4.0, '2024-08-26 00:00:00');
INSERT INTO `Oceny` (`IdU`, `IdP`, `Ocena`, `DataO`) VALUES (34, 10, 2.0, '2024-01-06 00:00:00');
INSERT INTO `Oceny` (`IdU`, `IdP`, `Ocena`, `DataO`) VALUES (35, 2, 5.0, '2024-10-09 00:00:00');
INSERT INTO `Oceny` (`IdU`, `IdP`, `Ocena`, `DataO`) VALUES (35, 3, 4.5, '2024-02-19 00:00:00');
INSERT INTO `Oceny` (`IdU`, `IdP`, `Ocena`, `DataO`) VALUES (35, 11, 3.5, '2024-06-05 00:00:00');
INSERT INTO `Oceny` (`IdU`, `IdP`, `Ocena`, `DataO`) VALUES (36, 4, 4.0, '2024-09-24 00:00:00');
INSERT INTO `Oceny` (`IdU`, `IdP`, `Ocena`, `DataO`) VALUES (36, 6, 2.0, '2024-01-24 00:00:00');
INSERT INTO `Oceny` (`IdU`, `IdP`, `Ocena`, `DataO`) VALUES (36, 9, 3.0, '2024-05-07 00:00:00');
INSERT INTO `Oceny` (`IdU`, `IdP`, `Ocena`, `DataO`) VALUES (37, 1, 3.5, '2024-02-07 00:00:00');
INSERT INTO `Oceny` (`IdU`, `IdP`, `Ocena`, `DataO`) VALUES (37, 8, 4.5, '2024-06-10 00:00:00');
INSERT INTO `Oceny` (`IdU`, `IdP`, `Ocena`, `DataO`) VALUES (37, 10, 5.0, '2024-11-12 00:00:00');
INSERT INTO `Oceny` (`IdU`, `IdP`, `Ocena`, `DataO`) VALUES (38, 3, 3.5, '2024-04-03 00:00:00');
INSERT INTO `Oceny` (`IdU`, `IdP`, `Ocena`, `DataO`) VALUES (38, 5, 4.0, '2024-08-19 00:00:00');
INSERT INTO `Oceny` (`IdU`, `IdP`, `Ocena`, `DataO`) VALUES (38, 7, 2.0, '2024-01-15 00:00:00');
INSERT INTO `Oceny` (`IdU`, `IdP`, `Ocena`, `DataO`) VALUES (39, 2, 5.0, '2024-02-26 00:00:00');
INSERT INTO `Oceny` (`IdU`, `IdP`, `Ocena`, `DataO`) VALUES (39, 9, 4.0, '2024-06-16 00:00:00');
INSERT INTO `Oceny` (`IdU`, `IdP`, `Ocena`, `DataO`) VALUES (39, 11, 3.0, '2024-12-06 00:00:00');
INSERT INTO `Oceny` (`IdU`, `IdP`, `Ocena`, `DataO`) VALUES (40, 1, 5.0, '2024-09-03 00:00:00');
INSERT INTO `Oceny` (`IdU`, `IdP`, `Ocena`, `DataO`) VALUES (40, 4, 3.5, '2024-01-10 00:00:00');
INSERT INTO `Oceny` (`IdU`, `IdP`, `Ocena`, `DataO`) VALUES (40, 6, 4.5, '2024-03-29 00:00:00');
INSERT INTO `Oceny` (`IdU`, `IdP`, `Ocena`, `DataO`) VALUES (41, 3, 3.0, '2024-05-26 00:00:00');
INSERT INTO `Oceny` (`IdU`, `IdP`, `Ocena`, `DataO`) VALUES (41, 8, 2.0, '2024-02-18 00:00:00');
INSERT INTO `Oceny` (`IdU`, `IdP`, `Ocena`, `DataO`) VALUES (41, 10, 4.0, '2024-10-15 00:00:00');
INSERT INTO `Oceny` (`IdU`, `IdP`, `Ocena`, `DataO`) VALUES (42, 2, 5.0, '2024-08-07 00:00:00');
INSERT INTO `Oceny` (`IdU`, `IdP`, `Ocena`, `DataO`) VALUES (42, 5, 4.5, '2024-01-22 00:00:00');
INSERT INTO `Oceny` (`IdU`, `IdP`, `Ocena`, `DataO`) VALUES (42, 9, 3.5, '2024-04-13 00:00:00');
INSERT INTO `Oceny` (`IdU`, `IdP`, `Ocena`, `DataO`) VALUES (43, 4, 4.0, '2024-11-16 00:00:00');
INSERT INTO `Oceny` (`IdU`, `IdP`, `Ocena`, `DataO`) VALUES (43, 7, 2.0, '2024-02-01 00:00:00');
INSERT INTO `Oceny` (`IdU`, `IdP`, `Ocena`, `DataO`) VALUES (43, 11, 3.5, '2024-06-09 00:00:00');
INSERT INTO `Oceny` (`IdU`, `IdP`, `Ocena`, `DataO`) VALUES (44, 1, 3.0, '2024-01-29 00:00:00');
INSERT INTO `Oceny` (`IdU`, `IdP`, `Ocena`, `DataO`) VALUES (44, 6, 4.0, '2024-05-04 00:00:00');
INSERT INTO `Oceny` (`IdU`, `IdP`, `Ocena`, `DataO`) VALUES (44, 8, 4.5, '2024-10-11 00:00:00');
INSERT INTO `Oceny` (`IdU`, `IdP`, `Ocena`, `DataO`) VALUES (45, 2, 5.0, '2024-02-23 00:00:00');
INSERT INTO `Oceny` (`IdU`, `IdP`, `Ocena`, `DataO`) VALUES (45, 3, 3.0, '2024-12-08 00:00:00');
INSERT INTO `Oceny` (`IdU`, `IdP`, `Ocena`, `DataO`) VALUES (45, 10, 4.0, '2024-06-29 00:00:00');
INSERT INTO `Oceny` (`IdU`, `IdP`, `Ocena`, `DataO`) VALUES (46, 5, 4.5, '2024-03-24 00:00:00');
INSERT INTO `Oceny` (`IdU`, `IdP`, `Ocena`, `DataO`) VALUES (46, 7, 5.0, '2024-09-09 00:00:00');
INSERT INTO `Oceny` (`IdU`, `IdP`, `Ocena`, `DataO`) VALUES (46, 9, 3.5, '2024-01-05 00:00:00');
INSERT INTO `Oceny` (`IdU`, `IdP`, `Ocena`, `DataO`) VALUES (47, 1, 4.0, '2024-10-23 00:00:00');
INSERT INTO `Oceny` (`IdU`, `IdP`, `Ocena`, `DataO`) VALUES (47, 4, 2.0, '2024-02-15 00:00:00');
INSERT INTO `Oceny` (`IdU`, `IdP`, `Ocena`, `DataO`) VALUES (47, 8, 3.0, '2024-06-02 00:00:00');
INSERT INTO `Oceny` (`IdU`, `IdP`, `Ocena`, `DataO`) VALUES (48, 2, 5.0, '2024-09-27 00:00:00');
INSERT INTO `Oceny` (`IdU`, `IdP`, `Ocena`, `DataO`) VALUES (48, 6, 4.5, '2024-01-17 00:00:00');
INSERT INTO `Oceny` (`IdU`, `IdP`, `Ocena`, `DataO`) VALUES (48, 11, 3.5, '2024-04-30 00:00:00');
INSERT INTO `Oceny` (`IdU`, `IdP`, `Ocena`, `DataO`) VALUES (49, 3, 2.0, '2024-02-10 00:00:00');
INSERT INTO `Oceny` (`IdU`, `IdP`, `Ocena`, `DataO`) VALUES (49, 7, 3.5, '2024-05-28 00:00:00');
INSERT INTO `Oceny` (`IdU`, `IdP`, `Ocena`, `DataO`) VALUES (49, 9, 4.0, '2024-11-05 00:00:00');
INSERT INTO `Oceny` (`IdU`, `IdP`, `Ocena`, `DataO`) VALUES (50, 1, 4.5, '2024-12-12 00:00:00');
INSERT INTO `Oceny` (`IdU`, `IdP`, `Ocena`, `DataO`) VALUES (50, 5, 3.0, '2024-01-23 00:00:00');
INSERT INTO `Oceny` (`IdU`, `IdP`, `Ocena`, `DataO`) VALUES (50, 10, 4.0, '2024-06-07 00:00:00');
INSERT INTO `Oceny` (`IdU`, `IdP`, `Ocena`, `DataO`) VALUES (51, 4, 3.0, '2024-05-13 00:00:00');
INSERT INTO `Oceny` (`IdU`, `IdP`, `Ocena`, `DataO`) VALUES (51, 8, 2.0, '2024-02-05 00:00:00');
INSERT INTO `Oceny` (`IdU`, `IdP`, `Ocena`, `DataO`) VALUES (51, 11, 4.0, '2024-10-04 00:00:00');
INSERT INTO `Oceny` (`IdU`, `IdP`, `Ocena`, `DataO`) VALUES (52, 2, 5.0, '2024-01-19 00:00:00');
INSERT INTO `Oceny` (`IdU`, `IdP`, `Ocena`, `DataO`) VALUES (52, 6, 4.0, '2024-04-09 00:00:00');
INSERT INTO `Oceny` (`IdU`, `IdP`, `Ocena`, `DataO`) VALUES (52, 9, 3.0, '2024-09-18 00:00:00');
INSERT INTO `Oceny` (`IdU`, `IdP`, `Ocena`, `DataO`) VALUES (53, 3, 4.5, '2024-06-20 00:00:00');
INSERT INTO `Oceny` (`IdU`, `IdP`, `Ocena`, `DataO`) VALUES (53, 7, 3.5, '2024-02-27 00:00:00');
INSERT INTO `Oceny` (`IdU`, `IdP`, `Ocena`, `DataO`) VALUES (53, 10, 5.0, '2024-11-27 00:00:00');
INSERT INTO `Oceny` (`IdU`, `IdP`, `Ocena`, `DataO`) VALUES (54, 1, 2.0, '2024-01-31 00:00:00');
INSERT INTO `Oceny` (`IdU`, `IdP`, `Ocena`, `DataO`) VALUES (54, 5, 3.5, '2024-05-06 00:00:00');
INSERT INTO `Oceny` (`IdU`, `IdP`, `Ocena`, `DataO`) VALUES (54, 8, 4.0, '2024-09-22 00:00:00');
INSERT INTO `Oceny` (`IdU`, `IdP`, `Ocena`, `DataO`) VALUES (55, 2, 3.5, '2024-06-04 00:00:00');
INSERT INTO `Oceny` (`IdU`, `IdP`, `Ocena`, `DataO`) VALUES (55, 6, 5.0, '2024-10-18 00:00:00');
INSERT INTO `Oceny` (`IdU`, `IdP`, `Ocena`, `DataO`) VALUES (55, 11, 4.5, '2024-02-21 00:00:00');
INSERT INTO `Oceny` (`IdU`, `IdP`, `Ocena`, `DataO`) VALUES (56, 4, 3.0, '2024-04-18 00:00:00');
INSERT INTO `Oceny` (`IdU`, `IdP`, `Ocena`, `DataO`) VALUES (56, 7, 4.0, '2024-08-13 00:00:00');
INSERT INTO `Oceny` (`IdU`, `IdP`, `Ocena`, `DataO`) VALUES (56, 9, 2.0, '2024-01-26 00:00:00');
INSERT INTO `Oceny` (`IdU`, `IdP`, `Ocena`, `DataO`) VALUES (57, 1, 5.0, '2024-11-21 00:00:00');
INSERT INTO `Oceny` (`IdU`, `IdP`, `Ocena`, `DataO`) VALUES (57, 3, 3.5, '2024-02-24 00:00:00');
INSERT INTO `Oceny` (`IdU`, `IdP`, `Ocena`, `DataO`) VALUES (57, 8, 4.5, '2024-06-11 00:00:00');
INSERT INTO `Oceny` (`IdU`, `IdP`, `Ocena`, `DataO`) VALUES (58, 2, 4.0, '2024-09-08 00:00:00');
INSERT INTO `Oceny` (`IdU`, `IdP`, `Ocena`, `DataO`) VALUES (58, 5, 2.0, '2024-01-04 00:00:00');
INSERT INTO `Oceny` (`IdU`, `IdP`, `Ocena`, `DataO`) VALUES (58, 10, 3.5, '2024-03-17 00:00:00');
INSERT INTO `Oceny` (`IdU`, `IdP`, `Ocena`, `DataO`) VALUES (59, 6, 4.5, '2024-02-29 00:00:00');
INSERT INTO `Oceny` (`IdU`, `IdP`, `Ocena`, `DataO`) VALUES (59, 9, 3.5, '2024-06-24 00:00:00');
INSERT INTO `Oceny` (`IdU`, `IdP`, `Ocena`, `DataO`) VALUES (59, 11, 5.0, '2024-12-03 00:00:00');
INSERT INTO `Oceny` (`IdU`, `IdP`, `Ocena`, `DataO`) VALUES (60, 1, 5.0, '2026-02-11 00:00:00');
INSERT INTO `Oceny` (`IdU`, `IdP`, `Ocena`, `DataO`) VALUES (60, 2, 3.0, '2026-03-09 00:00:00');
INSERT INTO `Oceny` (`IdU`, `IdP`, `Ocena`, `DataO`) VALUES (60, 3, 3.0, '2024-05-01 00:00:00');
INSERT INTO `Oceny` (`IdU`, `IdP`, `Ocena`, `DataO`) VALUES (60, 4, 3.0, '2026-03-19 00:00:00');
INSERT INTO `Oceny` (`IdU`, `IdP`, `Ocena`, `DataO`) VALUES (60, 5, 2.0, '2026-03-24 00:00:00');
INSERT INTO `Oceny` (`IdU`, `IdP`, `Ocena`, `DataO`) VALUES (60, 6, 5.0, '2026-03-24 00:00:00');
INSERT INTO `Oceny` (`IdU`, `IdP`, `Ocena`, `DataO`) VALUES (60, 7, 2.0, '2024-01-03 00:00:00');
INSERT INTO `Oceny` (`IdU`, `IdP`, `Ocena`, `DataO`) VALUES (60, 8, 4.0, '2024-10-20 00:00:00');
INSERT INTO `Oceny` (`IdU`, `IdP`, `Ocena`, `DataO`) VALUES (60, 9, 2.0, '2026-03-01 00:00:00');
INSERT INTO `Oceny` (`IdU`, `IdP`, `Ocena`, `DataO`) VALUES (60, 10, 4.5, '2026-03-04 00:00:00');
INSERT INTO `Oceny` (`IdU`, `IdP`, `Ocena`, `DataO`) VALUES (60, 11, 4.0, '2026-03-24 00:00:00');

SET FOREIGN_KEY_CHECKS = 1;
